test_name,batch_size,elapsed_seconds,memory_mb,cpu_percent,timestamp
build_json_index,25,0.505047,0.8047,166.32,2026-10-02T14:09:05.818653
build_json_index,50,0.978778,21.5625,145.08,2026-10-02T14:09:06.807985
build_json_index,100,2.573964,0.0000,101.40,2026-10-02T14:09:09.392356
build_json_index,250,8.984590,53.2969,129.44,2026-10-02T14:09:18.387987
build_json_index,500,25.087198,88.7383,115.24,2026-10-02T14:09:43.485721
build_json_index,1000,54.547189,142.7188,113.53,2026-10-02T14:10:38.043039
build_json_index,5000,488.892656,1600.6641,107.57,2026-10-02T14:18:46.947438
build_json_index,10000,1181.271623,0.0000,104.29,2026-10-02T14:38:28.235646
build_folder_index,25,3.505214,1.0469,265.32,2026-10-02T14:39:06.851438
build_folder_index,50,6.424012,0.0000,101.96,2026-10-02T14:39:13.284387
build_folder_index,100,7.914048,1.9805,103.23,2026-10-02T14:39:21.209409
build_folder_index,250,14.594255,0.0039,100.04,2026-10-02T14:39:35.812916
build_folder_index,500,29.378646,0.0000,106.88,2026-10-02T14:40:05.201575
build_folder_index,1000,61.050400,0.1445,104.95,2026-10-02T14:41:06.261648
build_folder_index,5000,473.321739,18.3828,104.38,2026-10-02T14:48:59.593763
build_folder_index,10000,1174.424879,0.0000,104.42,2026-10-02T15:08:34.031233
build_mongo_index,25,2.870470,24.8828,115.31,2026-10-02T15:08:50.873623
build_mongo_index,50,4.081342,0.0859,40.67,2026-10-02T15:08:54.963665
build_mongo_index,100,5.913234,0.0313,54.96,2026-10-02T15:09:00.886033
build_mongo_index,250,13.013771,0.0781,80.07,2026-10-02T15:09:13.910373
build_mongo_index,500,28.010513,0.4063,94.64,2026-10-02T15:09:41.929975
build_mongo_index,1000,67.632929,0.0000,101.74,2026-10-02T15:10:49.573689
build_mongo_index,5000,491.558712,793.3438,104.27,2026-10-02T15:19:01.143257
build_mongo_index,10000,1214.737608,254.7813,103.77,2026-10-02T15:39:15.894422
