function_name,elapsed_seconds,memory_mb,cpu_percent,timestamp
write_throughput_time_based,2.008554,17.6562,28.47,2026-10-02T10:05:31.483423
incremental_time_based,0.000739,0.0000,103.40,2026-10-02T10:05:31.513472
write_throughput_book_based,1.827485,4.0000,34.93,2026-10-02T10:05:33.446391
incremental_book_based,0.002073,0.0000,103.60,2026-10-02T10:05:33.479361
write_throughput_batch_based,1.800620,0.0000,35.13,2026-10-02T10:05:35.342451
incremental_batch_based,0.000995,0.0000,108.43,2026-10-02T10:05:35.377494
download_write_throughput,3.830630,0.7500,5.27,2026-10-02T10:05:39.277957
tokenize_books,3.075772,296.3477,109.46,2026-10-02T10:05:42.378543
build_postings,0.562132,0.5625,100.41,2026-10-02T10:05:42.969421
load_json_index,9.347979,764.8049,108.01,2026-10-02T10:07:59.522658
update_json_index,20.599454,1343.2297,104.38,2026-10-02T10:08:20.318666
update_folder_index,0.461606,0.0000,110.05,2026-10-02T10:11:26.636901
update_mongo_index,2.811195,0.0000,0.21,2026-10-02T10:14:06.816208
