function_name,sys_delta_mb,heap_alloc_delta_mb,total_alloc_mb,heap_inuse_mb,gc_cycles,timestamp
write_throughput_time_based,17.6562,2.3380,177.2439,3.5625,49,2026-09-30T18:29:46.649604
incremental_time_based,0.0000,0.0873,0.0873,1.7422,0,2026-09-30T18:29:46.705677
write_throughput_book_based,0.0078,0.2948,177.2328,3.5625,49,2026-09-30T18:29:48.522173
incremental_book_based,0.0000,0.1251,0.1251,3.7734,0,2026-09-30T18:29:48.549213
write_throughput_batch_based,0.0000,1.0210,177.2887,3.5625,48,2026-09-30T18:29:50.211353
incremental_batch_based,0.0000,0.0979,0.0979,3.7891,0,2026-09-30T18:29:50.238272
download_write_throughput,8.2578,7.5795,24.1132,10.5234,6,2026-09-30T18:29:54.462958
tokenize_books,260.7657,248.2800,615.8954,259.0781,11,2026-09-30T18:29:57.399337
build_postings,16.0625,40.7524,40.7524,300.1406,0,2026-09-30T18:29:57.989197
load_json_index,41.0117,-28.9445,124.1777,330.5703,1,2026-09-30T18:30:04.565323
update_json_index,81.5742,-19.1263,177.9074,366.0234,1,2026-09-30T18:30:05.734957
update_folder_index,0.0000,11.2450,11.2450,403.5547,0,2026-09-30T18:30:43.409778
update_mongo_index,0.0000,3.2082,3.2082,619.8594,0,2026-09-30T18:31:08.401015
