test_name,total_books,processed_before_interruption,processed_after_resume,duplicated,lost,detection_time,processing_time,elapsed_seconds,timestamp
recovery_time_based,100,50,50,0,0,0.001793,0.054485,0.056308,2026-09-27T15:08:56.068513
recovery_book_based,100,50,50,0,0,0.001384,0.038640,0.040055,2026-09-27T15:08:59.017659
recovery_batch_based,100,50,50,0,0,0.001426,0.040329,0.041781,2026-09-27T15:09:01.897181
recovery_time_based,100,50,50,0,0,0.002879,0.046183,0.049094,2026-09-30T13:50:00.468452
recovery_book_based,100,50,50,0,0,0.005181,0.039168,0.044378,2026-09-30T13:50:05.037610
recovery_batch_based,100,50,50,0,0,0.002971,0.039543,0.042539,2026-09-30T13:50:09.127462
recovery_time_based,100,50,50,0,0,0.003076,0.049708,0.052819,2026-09-30T14:57:35.175518
recovery_book_based,100,50,50,0,0,0.006986,0.041978,0.049000,2026-09-30T14:57:39.686026
recovery_batch_based,100,50,50,0,0,0.003568,0.042693,0.046288,2026-09-30T14:57:44.086505
