test_name,item_count,elapsed_seconds,items_per_second,timestamp
write_throughput_time_based,100,2.761170,36.2165,2026-09-27T15:08:55.944636
write_throughput_book_based,100,2.797880,35.7413,2026-09-27T15:08:58.939808
write_throughput_batch_based,100,2.763856,36.1813,2026-09-27T15:09:01.819072
download_write_throughput,10,6.711193,1.4900,2026-09-27T15:09:08.640099
insert_throughput_sqlite,100,0.671749,148.8652,2026-09-27T15:10:15.204077
insert_throughput_postgres,100,0.779295,128.3211,2026-09-27T15:11:28.580858
insert_throughput_mongo,100,0.077497,1290.3659,2026-09-27T15:12:48.620750
write_throughput_time_based,0,0.000002,0.0000,2026-09-30T13:48:11.730811
write_throughput_time_based,100,4.216881,23.7142,2026-09-30T13:50:00.352562
write_throughput_book_based,100,4.373990,22.8624,2026-09-30T13:50:04.931878
write_throughput_batch_based,100,3.938035,25.3934,2026-09-30T13:50:09.028498
download_write_throughput,10,7.867467,1.2711,2026-09-30T13:50:17.030492
insert_throughput_sqlite,100,2.082708,48.0144,2026-09-30T13:56:39.846332
insert_throughput_postgres,100,2.120932,47.1491,2026-09-30T14:00:36.015933
insert_throughput_mongo,100,1.449351,68.9964,2026-09-30T14:04:29.613870
write_throughput_time_based,100,4.031246,24.8062,2026-09-30T14:57:35.050550
write_throughput_book_based,100,4.341888,23.0315,2026-09-30T14:57:39.575176
write_throughput_batch_based,100,4.240096,23.5844,2026-09-30T14:57:43.978200
download_write_throughput,10,8.564688,1.1676,2026-09-30T14:57:52.693057
insert_throughput_sqlite,100,2.228022,44.8829,2026-09-30T15:00:55.421873
insert_throughput_postgres,100,2.232385,44.7951,2026-09-30T15:04:59.895678
insert_throughput_mongo,100,1.547426,64.6234,2026-09-30T15:08:57.855996
