function_name,elapsed_seconds,memory_mb,cpu_percent,timestamp
incremental_time_based,0.003008,0.1914,0.00,2026-09-30T14:57:35.105927
incremental_book_based,0.005182,0.0078,175.60,2026-09-30T14:57:39.621117
incremental_batch_based,0.004752,0.0039,190.50,2026-09-30T14:57:44.022510
update_json_index,1.187911,2.5625,97.60,2026-09-30T14:58:21.049596
update_folder_index,0.248175,0.0000,104.50,2026-09-30T15:00:07.533716
update_mongo_index,0.328496,0.0000,3.00,2026-09-30T15:00:50.863759
insert_sqlite,2.228022,0.0000,13.00,2026-09-30T15:00:55.442635
insert_postgres,2.232385,0.0000,12.10,2026-09-30T15:04:59.910940
insert_mongo,1.547426,0.0000,14.90,2026-09-30T15:08:57.870637
