test_name,iterations,mean_seconds,stdev_seconds,min_seconds,max_seconds,timestamp
lookup_time_based,100,0.000114,0.000055,0.000078,0.000365,2026-09-30T14:57:35.081776
lookup_book_based,100,0.000056,0.000027,0.000046,0.000281,2026-09-30T14:57:39.599032
lookup_batch_based,100,0.000042,0.000018,0.000030,0.000131,2026-09-30T14:57:44.000002
query_json_index,100,0.000074,0.000064,0.000001,0.000246,2026-09-30T14:58:19.840619
query_folder_index,100,0.000383,0.000299,0.000035,0.001374,2026-09-30T15:00:07.265059
query_mongo_index,100,0.001909,0.000976,0.000616,0.004676,2026-09-30T15:00:50.514831
query_author_sqlite,100,0.000459,0.000170,0.000333,0.001738,2026-09-30T15:00:55.530776
query_id_sqlite,100,0.000417,0.000186,0.000293,0.001329,2026-09-30T15:00:55.596524
query_path_sqlite,100,0.000421,0.000205,0.000267,0.002132,2026-09-30T15:00:55.657475
