test_name,batch_size,elapsed_seconds,memory_mb,cpu_percent,timestamp
build_json_index,25,0.533595,2.6758,97.30,2026-10-02T10:39:34.005832
build_json_index,50,0.801345,0.4805,98.50,2026-10-02T10:39:34.822617
build_json_index,100,1.527685,13.9453,98.80,2026-10-02T10:39:36.365339
build_json_index,250,3.785976,52.6406,99.60,2026-10-02T10:39:40.167206
build_json_index,500,7.838519,112.8516,99.60,2026-10-02T10:39:48.022217
build_json_index,1000,17.863652,174.0547,99.80,2026-10-02T10:40:05.902333
build_json_index,5000,102.680418,13.6602,99.90,2026-10-02T10:41:48.605854
build_json_index,10000,183.347663,3.8242,100.00,2026-10-02T10:44:51.978791
build_folder_index,25,10.268325,74.9922,92.20,2026-10-02T10:45:39.310716
build_folder_index,50,17.157443,215.2617,81.60,2026-10-02T10:45:56.486140
build_folder_index,100,17.592857,1.1055,99.50,2026-10-02T10:46:14.095052
build_folder_index,250,20.357942,3.1719,99.80,2026-10-02T10:46:34.469169
build_folder_index,500,25.773721,0.7656,99.90,2026-10-02T10:47:00.261668
build_folder_index,1000,35.213510,0.0000,99.80,2026-10-02T10:47:35.495884
build_folder_index,5000,112.068870,0.0000,100.00,2026-10-02T10:49:27.583066
build_folder_index,10000,258.686623,0.0000,94.60,2026-10-02T10:53:46.303033
build_mongo_index,25,2.075025,2.3398,43.80,2026-10-02T10:53:57.277505
build_mongo_index,50,12.517788,507.9922,40.00,2026-10-02T10:54:09.811074
build_mongo_index,100,5.627012,3.1289,54.20,2026-10-02T10:54:15.454699
build_mongo_index,250,8.045672,1.9062,63.30,2026-10-02T10:54:23.519729
build_mongo_index,500,12.925899,3.8477,75.00,2026-10-02T10:54:36.461681
build_mongo_index,1000,21.259564,0.1211,83.00,2026-10-02T10:54:57.735452
build_mongo_index,5000,96.716412,2.0977,94.10,2026-10-02T10:56:34.472562
build_mongo_index,10000,344.965677,0.0000,61.20,2026-10-02T11:02:19.479073
insert_sqlite,10,0.120552,0.0000,8.30,2026-10-02T11:02:28.986280
insert_sqlite,100,1.133195,0.0000,11.50,2026-10-02T11:02:30.134009
insert_sqlite,1000,10.998300,0.0000,11.90,2026-10-02T11:02:41.149690
insert_sqlite,10000,116.109794,0.0898,12.20,2026-10-02T11:04:37.313849
insert_postgres,10,0.137616,0.0000,14.50,2026-10-02T11:04:39.011733
insert_postgres,100,1.283574,0.0000,14.00,2026-10-02T11:04:40.311757
insert_postgres,1000,12.989178,0.0000,13.20,2026-10-02T11:04:53.321268
insert_postgres,10000,128.612653,0.0039,13.00,2026-10-02T11:07:01.988054
insert_mongo,10,0.126103,0.0000,7.90,2026-10-02T11:07:03.564924
insert_mongo,100,1.310047,0.0000,13.70,2026-10-02T11:07:04.892124
insert_mongo,1000,12.987152,0.0781,13.20,2026-10-02T11:07:17.904173
insert_mongo,10000,126.857555,0.0000,13.20,2026-10-02T11:09:24.818370
